{"mean_reward": 243.60931257249845, "std_reward": 20.24319499162329, "is_deterministic": true, "n_eval_episodes": 10, "eval_datetime": "2023-02-15T09:42:37.393394"}

